Workbook

Sheet 00. Đọc trước
B1: THE AGENTIC FOUNDER WEEK — CHECKLIST PHỐI HỢP BỘ PHẬN
B2: Workshop online 5 buổi · Kế hoạch chạy trong 14 ngày · Lập ngày 28/07/2026
B5: BỐI CẢNH ĐÃ CHỐT
B6: Ngày khai giảng (buổi 1) | C6: Thứ 3, 11/08/2026 — 20:00 ⚠ [GIẢ ĐỊNH] Sửa ô này nếu ngày thật khác
B7: Lịch 5 buổi | C7: 11/08 → 15/08/2026, mỗi tối 20:00–22:45 (buổi 1 kết thúc ~22:00)
B8: Mục tiêu đăng ký | C8: 1.000 – 3.000 người
B9: Ngân sách quảng cáo | C9: 30 – 100 triệu · Facebook là kênh chính · test thêm YouTube và TikTok
B10: Hạ tầng | C10: Zoom (live + đào tạo) · Landing page 3 hạng vé · Cổng thanh toán tự động · Zalo Group
B11: Hạng vé | C11: Free 0đ · Record 199K · Implementation 499K
B12: Bán trong chuỗi | C12: B2: Cấp 1 (5tr) · B3: Cấp 2 (5tr) + Gói 2 khóa (9tr) · B4: Cấp 3 (5tr) + Gói 3 khóa (11tr) · B5: Co-Founder (12tr) + Trọn bộ (19tr)
B14: ĐỘI NGŨ VÀ KÝ HIỆU
B15: AN | C15: Founder — giảng chính, slide, toàn bộ demo live. Đây là đường găng của dự án.
B16: CP | C16: Content Planner — nội dung kéo đăng ký, nội dung giữ nhiệt, kịch bản, tin nhắn
B17: ADS | C17: Ads Performance — tracking, chiến dịch, ngân sách, báo cáo số
B18: EDIT | C18: Video Editor — video ads, video ngắn, hình ảnh, cắt record và highlight
B19: KT/SP | C19: Kỹ thuật & Support truyền thông lớp học — hạ tầng, Zoom, Zalo, chăm sóc học viên
B21: CÁCH DÙNG FILE
B22: 1 | C22: Mỗi bộ phận một sheet riêng. Chỉ điền vào cột 'Người phụ trách' và 'Trạng thái' (có dropdown).
B23: 2 | C23: Sheet '01. Master Timeline' là bản đọc chung trong họp — xem hôm nay ai phải xong việc gì.
B24: 3 | C24: Việc gắn nhãn CHẶN (nền đỏ) là việc thiếu thì buổi học hoặc phễu bán hàng sập. Xử lý trước mọi việc khác.
B25: 4 | C25: Sheet '09. Việc CHẶN' gom toàn bộ việc CHẶN vào một chỗ để họp đầu ngày điểm danh trong 5 phút.
B26: 5 | C26: Sheet '10. Lỗ hổng nguồn lực' liệt kê chỗ 4 nhân sự hiện tại không kham nổi và phương án xử lý.
B28: BA ĐIỀU CẦN QUYẾT NGAY HÔM NAY
B29: 1. Co-Founder Agent | C29: Buổi 5 là buổi bán 12–19 triệu, phụ thuộc hoàn toàn vào demo Co-Founder Agent chạy thật. Nếu chưa build xong, đây là rủi ro lớn nhất cả phễu — cần chốt deadline D-4 (07/08).
B30: 2. Hai case study có số | C30: Brief ghi rõ case study sản phẩm số (buổi 3) và case study kênh AI (buổi 4) HIỆN CHƯA CÓ. Không có số thật thì phần chốt hai buổi này mất chân đứng.
B31: 3. Trợ giảng chốt đơn | C31: Brief yêu cầu 3–4 trợ giảng trực Zalo mỗi buổi. Hiện chỉ có 1 người kiêm cả kỹ thuật. Trong khi An đang giảng thì không ai chốt — mất phần lớn đơn. Cần bổ sung 2–3 người trước D-4.
B33: BẢNG TIẾN ĐỘ TỔNG
B34: BỘ PHẬN | C34: TỔNG VIỆC | D34: ĐÃ XONG | E34: ĐANG TẮC
B35: Content Planner | C35: =COUNTA('02. Content Planner'!H5:H200) | D35: =COUNTIF('02. Content Planner'!H5:H200,"Xong") | E35: =COUNTIF('02. Content Planner'!H5:H200,"Đang tắc")
B36: Ads Performance | C36: =COUNTA('03. Ads Performance'!H5:H200) | D36: =COUNTIF('03. Ads Performance'!H5:H200,"Xong") | E36: =COUNTIF('03. Ads Performance'!H5:H200,"Đang tắc")
B37: Video Editor | C37: =COUNTA('04. Video Editor'!H5:H200) | D37: =COUNTIF('04. Video Editor'!H5:H200,"Xong") | E37: =COUNTIF('04. Video Editor'!H5:H200,"Đang tắc")
B38: Support & Truyền thông | C38: =COUNTA('05. Support & Truyền thông'!H5:H200) | D38: =COUNTIF('05. Support & Truyền thông'!H5:H200,"Xong") | E38: =COUNTIF('05. Support & Truyền thông'!H5:H200,"Đang tắc")
B39: Kỹ thuật & Tổ chức lớp | C39: =COUNTA('06. Kỹ thuật & Tổ chức lớp'!H5:H200) | D39: =COUNTIF('06. Kỹ thuật & Tổ chức lớp'!H5:H200,"Xong") | E39: =COUNTIF('06. Kỹ thuật & Tổ chức lớp'!H5:H200,"Đang tắc")
B40: An - Slide & Demo | C40: =COUNTA('07. An - Slide & Demo'!H5:H200) | D40: =COUNTIF('07. An - Slide & Demo'!H5:H200,"Xong") | E40: =COUNTIF('07. An - Slide & Demo'!H5:H200,"Đang tắc")
B41: TỔNG CỘNG | C41: =SUM(C35:C40) | D41: =SUM(D35:D40) | E41: =SUM(E35:E40)

Sheet 01. Master Timeline
A1: MASTER TIMELINE — 14 NGÀY TRƯỚC, 5 NGÀY LIVE, 3 NGÀY SAU
A2: Bản đọc chung trong họp đầu ngày. Ô trống nghĩa là bộ phận đó không có việc chốt hạn trong ngày, không phải rảnh.
A4: MỐC | B4: NGÀY | C4: CONTENT (CP) | D4: QUẢNG CÁO (ADS) | E4: VIDEO (EDIT) | F4: KỸ THUẬT & SUPPORT (KT/SP) | G4: AN — SLIDE & DEMO
A5: D-14 | B5: 28/07 | C5: Họp kick-off: chốt ngày, chốt vé, chốt người Chốt big idea + 5 góc thông điệp | D5: Rà soát tracking hiện có, liệt kê cái còn thiếu | E5: Nhận brief hình ảnh, dựng moodboard | F5: Rà soát landing v2, liệt kê phần còn để trống | G5: Chốt outline 5 buổi từ brief (đã có sẵn)
A6: D-13 | B6: 29/07 | C6: Viết nội dung landing bản chốt (điền ngày thật, thêm đếm ngược) | D6: Cài Meta Pixel · GA4 · UTM chuẩn · conversion API | E6: Quay video mời tham dự của An | F6: Nâng gói Zoom đủ tải ≥1.000 người | G6: Slide buổi 1 — bản nháp
A7: D-12 | B7: 30/07 | C7: Bàn giao 8–10 mẫu ad copy cho ADS Bàn giao 6–8 kịch bản video ngắn cho EDIT | D7: Kiểm thử luồng ad → landing → form → thanh toán → Zalo | E7: Dựng 3–5 biến thể video ad (đổi hook 3 giây) | F7: Landing 3 hạng vé + cổng thanh toán + trang cảm ơn chạy được | G7: Slide buổi 1 xong · Dựng agent demo 8 phút
A8: D-11 | B8: 31/07 | C8: 12–15 bài Facebook đợt 1 lên lịch xong | D8: Dựng cấu trúc chiến dịch, tệp đối tượng MỞ ADS — 55% ngân sách cho giai đoạn này | E8: Xuất bộ hình: cover, ảnh 3 hạng vé, timeline 5 buổi | F8: Cổng thanh toán xử lý được nâng cấp 5→9→11→19 | G8: Slide buổi 2 · Chạy thử demo agent lần 1
A9: D-10 | B9: 01/08 | C9: Chuỗi email/ZNS mời nâng cấp vé 199k/499k | D9: Theo dõi CPL 24h đầu, cắt mẫu ad kém | E9: 6–8 video ngắn xong | F9: Tạo 5 phòng Zoom, bật record cloud, cài poll | G9: Case study sản phẩm số có số — thu thập dữ liệu
A10: D-9 | B10: 02/08 | C10: Viết chuỗi 15 tin nhắn Zalo group + nội dung trang cảm ơn | D10: Bật retarget người vào landing chưa đăng ký | E10: Video story founder (dùng lại được cho evergreen) | F10: Dựng Zalo group, quy tắc, tin ghim, tự động hóa | G10: Slide buổi 3 · Mini app demo chạy được
A11: D-8 | B11: 03/08 | C11: Bài seeding cộng đồng và nhóm ngành | D11: Test YouTube + TikTok với 10–15% ngân sách | E11: Slide template + intro/outro bumper cho Zoom | F11: Kịch bản trả lời 15 câu hỏi thường gặp | G11: CASE STUDY SẢN PHẨM SỐ CÓ SỐ — chốt
A12: D-7 | B12: 04/08 | C12: Bộ 8–10 câu hỏi mồi Q&A cho 5 buổi | D12: Báo cáo giữa kỳ: CPL, số đăng ký, dự phóng cán đích | E12: Video hướng dẫn vào lớp (1 phút) | F12: Cài chuỗi nhắc lịch ZNS/SMS T−24h · T−1h · T−10' Chính sách hoàn tiền + VAT bằng văn bản | G12: Slide buổi 4 · Dây chuyền Genful chạy thật
A13: D-6 | B13: 05/08 | C13: Kịch bản xử lý 5 phản đối cho trợ giảng | D13: Điều chỉnh ngân sách theo số: tăng nhóm tốt, dừng nhóm kém | E13: Ảnh/video nhắc lịch cho ZNS và Zalo | F13: Chốt thêm 2–3 trợ giảng trực Zalo và huấn luyện | G13: CASE STUDY KÊNH AI CÓ SỐ — chốt
A14: D-5 | B14: 06/08 | C14: Bài đếm ngược đợt 1 + nội dung mở 3 vòng lặp | D14: Retarget nâng cấp vé cho người đã đăng ký vé free | E14: Cắt teaser demo (agent · mini app · Genful) làm bằng chứng | F14: Tự đăng ký thử bằng số lạ, kiểm thử toàn luồng | G14: CO-FOUNDER AGENT — build xong, demo được live
A15: D-4 | B15: 07/08 | C15: Nội dung công bố cơ chế nâng cấp 48 giờ (chuẩn bị sẵn cho buổi 2) | D15: Chuyển 30% ngân sách sang giai đoạn nước rút | E15: Đóng gói bộ hình dùng trong tuần live | F15: Test đường truyền, âm thanh, 2 màn hình, chia sẻ màn hình | G15: Slide buổi 5 · Bản đồ 90 ngày · Form kim cương
... A26: D+7 | B26: 18/08 | C26: Đóng gói nội dung tái sử dụng cho chuỗi sau | D26: Lưu tệp đối tượng và dữ liệu học máy cho lần chạy sau | E26: Lưu trữ tài sản vào thư mục chuẩn | F26: Bàn giao học viên đã mua sang lớp chính · Đóng vòng gia hạn | G26: HỌP RÚT KINH NGHIỆM — cập nhật brief cho chuỗi sau

Sheet 02. Content Planner
A1: CONTENT PLANNER
A2: Nội dung kéo đăng ký → giữ nhiệt trong tuần live → chốt trong 48 giờ gia hạn
A4: Mã | B4: Mốc | C4: Hạn chót | D4: ĐẦU VIỆC | E4: TIÊU CHUẨN HOÀN THÀNH / GHI CHÚ | F4: Mức | G4: Người phụ trách | H4: Trạng thái
A5: GIAI ĐOẠN 1 — TRƯỚC KHAI GIẢNG (D-14 → D-1)
A6: CP-01 | B6: D-14 | C6: 28/07 | D6: Chốt big idea và 5 góc thông điệp cho cả chiến dịch | E6: Bám đúng 5 niềm tin cần phá trong brief: thiếu công cụ→thiếu kiến trúc · phải biết code→agent là nhân viên · sản phẩm số phải dân công nghệ→chuyên môn là hàng tồn kho · muốn có kênh phải lên hình→50-70 video/ngày không lên hình · chỉ tập đoàn làm được→SME tách được trong 4 tuần. Mỗi góc là một tuyến nội dung riêng. | F6: CHẶN | G6: CP | H6: Chưa bắt đầu
A7: CP-02 | B7: D-13 | C7: 29/07 | D7: Viết nội dung landing page bản chốt | E7: Điền ngày thật thay cho [NGÀY TỔ CHỨC] và [20:00-22:00] trong bản v2 · thêm khối đếm ngược · thêm phần trả lời câu hỏi thường gặp về hóa đơn VAT và chính sách hoàn tiền · kiểm tra lại 3 nút CTA dẫn đúng cổng thanh toán. | F7: CHẶN | G7: CP | H7: Chưa bắt đầu
A8: CP-03 | B8: D-12 | C8: 30/07 | D8: Bàn giao 8–10 mẫu ad copy cho ADS | E8: Chia 4 nhóm hook: 3 hook đau (quá tải việc lặp, 132 triệu/năm cho một việc thủ công) · 3 hook tò mò (12 agent chạy nền) · 2 hook chứng minh (case có số) · 2 hook khan hiếm (vé Free có hạn). Mỗi mẫu kèm 3 biến thể dòng đầu. | F8: CHẶN | G8: CP | H8: Chưa bắt đầu
A9: CP-04 | B9: D-12 | C9: 30/07 | D9: Bàn giao 6–8 kịch bản video ngắn cho EDIT | E9: Mỗi kịch bản viết rõ lời hook 3 giây đầu, không mô tả chung chung. Độ dài 15–45 giây. Ghi rõ phục vụ góc thông điệp nào. | F9: Quan trọng | G9: CP | H9: Chưa bắt đầu
A10: CP-05 | B10: D-11 | C10: 31/07 | D10: Viết và lên lịch 12–15 bài Facebook đợt 1 | E10: Trên trang cá nhân An và fanpage: 3 bài đau · 3 bài chứng minh · 3 bài phá niềm tin · 3 bài giới thiệu vé · 2 bài đếm ngược. Lên lịch sẵn, không viết tay từng ngày. | F10: Quan trọng | G10: CP | H10: Chưa bắt đầu
A11: CP-06 | B11: D-10 | C11: 01/08 | D11: Chuỗi email/ZNS mời nâng cấp vé 199K và 499K | E11: 3 tin: (1) ngay sau khi đăng ký vé Free — nêu giá trị record · (2) D-5 — nêu bộ template và AI Skill của vé 499K · (3) D-1 — nhắc lần cuối. Đây là nguồn doanh thu đầu tiên trước khi chuỗi bắt đầu. | F11: Quan trọng | G11: CP | H11: Chưa bắt đầu
A12: CP-07 | B12: D-9 | C12: 02/08 | D12: Viết chuỗi 15 tin nhắn Zalo group | E12: 1 tin chào mừng + 4 tin giá trị trước buổi 1 + 10 tin nhắc lịch (T−24h, T−1h, T−10 phút cho 5 buổi). Viết sẵn toàn bộ, giao KT/SP hẹn giờ. Show rate quyết định mọi thứ phía sau. | F12: CHẶN | G12: CP | H12: Chưa bắt đầu
A13: CP-08 | B13: D-9 | C13: 02/08 | D13: Nội dung trang cảm ơn và tin nhắn tự động sau thanh toán | E13: Trang cảm ơn phải nói rõ 3 bước tiếp theo: vào Zalo group → nhận link Zoom → lịch 5 buổi. Không để khách tự đoán. | F13: Quan trọng | G13: CP | H13: Chưa bắt đầu
A14: CP-09 | B14: D-8 | C14: 03/08 | D14: Bài seeding trong cộng đồng và nhóm ngành | E14: Danh sách 15–20 nhóm phù hợp tệp founder/SME/creator. Viết 3 mẫu bài khác nhau, không copy một bài đăng khắp nơi. | F14: Nên có | G14: CP | H14: Chưa bắt đầu
A15: CP-10 | B15: D-7 | C15: 04/08 | D15: Bộ 8–10 câu hỏi mồi Q&A cho từng buổi (5 bộ) | E15: Brief ghi ~75% đơn xảy ra ở phần Q&A. Câu mồi phải dẫn đúng vào phản đối cần gỡ của buổi đó. An duyệt trước D-5. | F15: CHẶN | G15: CP | H15: Chưa bắt đầu
A16: CP-11 | B16: D-6 | C16: 05/08 | D16: Kịch bản xử lý 5 phản đối cho trợ giảng chốt Zalo | E16: Đắt quá · không biết công nghệ · cần bàn với BOD · từng mua khóa rồi không làm · team không dùng được. Mỗi phản đối 1 đoạn trả lời mẫu dán được ngay, không quá 5 dòng. | F16: CHẶN | G16: CP | H16: Chưa bắt đầu
A17: CP-12 | B17: D-5 | C17: 06/08 | D17: Bài đếm ngược đợt 1 và nội dung mở 3 vòng lặp | E17: Brief yêu cầu buổi 1 mở 3 vòng lặp cho buổi 3, 4, 5 — nói cụ thể, không úp mở. Nội dung trước buổi phải bắt đầu gieo sẵn. | F17: Quan trọng | G17: CP | H17: Chưa bắt đầu
... A19: CP-14 | B19: D-2 | C19: 09/08 | D19: Lên lịch toàn bộ nội dung tuần live | E19: Tuần live không còn thời gian ngồi viết. Mọi bài recap, bài mở vòng lặp, caption clip phải có bản nháp sẵn, tuần live chỉ điền số liệu thật vào. | F19: Quan trọng | G19: CP | H19: Chưa bắt đầu
A20: GIAI ĐOẠN 2 — TRONG TUẦN LIVE (D0 → D+4), lặp mỗi ngày
A21: CP-15 | B21: D+1 | C21: 12/08 | D21: Mỗi sáng: 1 bài recap buổi tối trước, đăng trước 12h | E21: Ba điều rút ra + một câu mở vòng lặp sang buổi tối nay. Kèm 1 screenshot kết quả học viên nếu có. | F21: Quan trọng | G21: CP | H21: Chưa bắt đầu
A22: CP-16 | B22: D+1 | C22: 12/08 | D22: Mỗi chiều: 1 bài mở vòng lặp cho buổi tối, đăng trước 18h | E22: Nói rõ tối nay demo gì. Brief nhấn mạnh demo là khoảnh khắc quyết định — nội dung trước buổi phải bán đúng khoảnh khắc đó. | F22: Quan trọng | G22: CP | H22: Chưa bắt đầu
A23: CP-17 | B23: D+1 | C23: 12/08 | D23: Viết caption cho clip highlight EDIT giao mỗi sáng | E23: Clip không caption thì không ai dừng lại. Giao lại trong 2 giờ sau khi nhận clip. | F23: Quan trọng | G23: CP | H23: Chưa bắt đầu
A24: CP-18 | B24: D+2 | C24: 13/08 | D24: Bài chứng minh có số liệu và screenshot học viên | E24: Brief ghi bằng chứng từ người cùng lớp mạnh hơn case ngoài. Xin phép trước khi đăng ảnh chụp màn hình. | F24: Quan trọng | G24: CP | H24: Chưa bắt đầu
A25: GIAI ĐOẠN 3 — SAU CHUỖI (D+5 → D+7)
A26: CP-19 | B26: D+5 | C26: 16/08 | D26: Chuỗi 3 bài và tin nhắn chốt trong 48 giờ gia hạn | E26: Nhịp: sáng D+5 nhắc cơ chế nâng cấp · tối D+5 nêu bằng chứng · trưa D+6 đếm ngược giờ cuối. Sau 48 giờ đóng vòng, không kéo dài — kéo dài một lần là mọi deadline sau mất giá trị. | F26: CHẶN | G26: CP | H26: Chưa bắt đầu
A27: CP-20 | B27: D+6 | C27: 17/08 | D27: Bài tổng kết chuỗi và thu thập testimonial | E27: Thu ít nhất 10 testimonial có tên và có kết quả cụ thể. Đây là nguyên liệu chứng minh cho chuỗi sau. | F27: Quan trọng | G27: CP | H27: Chưa bắt đầu
A28: CP-21 | B28: D+7 | C28: 18/08 | D28: Đóng gói nội dung tái sử dụng cho chuỗi kế tiếp | E28: Bài nào có tương tác cao nhất, hook nào giữ chân tốt nhất, câu hỏi nào lặp lại nhiều nhất. Ghi vào một file để chuỗi sau không viết lại từ đầu. | F28: Nên có | G28: CP | H28: Chưa bắt đầu
D30: TIẾN ĐỘ | E30: =COUNTIF(H5:H28,"Xong")&" / "&COUNTA(H5:H28)&" đầu việc đã xong"

Sheet 03. Ads Performance
A1: ADS PERFORMANCE
A2: Ngân sách 30–100 triệu · Facebook là kênh chính · test YouTube và TikTok · mục tiêu 1.000–3.000 đăng ký
A4: Mã | B4: Mốc | C4: Hạn chót | D4: ĐẦU VIỆC | E4: TIÊU CHUẨN HOÀN THÀNH / GHI CHÚ | F4: Mức | G4: Người phụ trách | H4: Trạng thái
A5: GIAI ĐOẠN 1 — DỰNG NỀN ĐO LƯỜNG (D-14 → D-11). Không có bước này thì không được mở ads
A6: ADS-01 | B6: D-14 | C6: 28/07 | D6: Rà soát tracking hiện có và liệt kê phần còn thiếu | E6: Tài liệu audit kênh của Demo ghi hiện trạng là 'không đo gì cả'. Không xác minh lại thì 30–100 triệu chạy mù. | F6: CHẶN | G6: ADS | H6: Chưa bắt đầu
A7: ADS-02 | B7: D-13 | C7: 29/07 | D7: Cài đủ bộ đo: UTM chuẩn · Meta Pixel · GA4 · conversion API server-side · tag CRM và tag Zalo | E7: Quy ước UTM thống nhất trước khi chạy, không đặt tay từng chiến dịch. Conversion API bắt buộc vì trình duyệt chặn pixel ngày càng nhiều. | F7: CHẶN | G7: ADS | H7: Chưa bắt đầu
A8: ADS-03 | B8: D-12 | C8: 30/07 | D8: Kiểm thử toàn luồng bằng một lượt đăng ký thật | E8: Click ad → landing → điền form → thanh toán → trang cảm ơn → vào Zalo group. Xác nhận từng sự kiện bắn về đủ và đúng. Test cả 3 hạng vé, đặc biệt luồng thanh toán 199K và 499K. | F8: CHẶN | G8: ADS | H8: Chưa bắt đầu
A9: ADS-04 | B9: D-11 | C9: 31/07 | D9: Dựng cấu trúc chiến dịch | E9: 1 campaign lead (mục tiêu đăng ký vé Free) + 1 campaign retarget. 3–4 nhóm quảng cáo theo tệp: chủ SME 10–100 nhân sự · chuyên gia và coach · creator và affiliate · trưởng phòng marketing/sales. | F9: Quan trọng | G9: ADS | H9: Chưa bắt đầu
A10: ADS-05 | B10: D-11 | C10: 31/07 | D10: Dựng tệp đối tượng | E10: Lookalike từ dữ liệu khách cũ · quan tâm chủ đề founder/SME/AI · custom audience người xem video 50% · người vào landing chưa đăng ký · người trong danh sách cũ chưa mua. | F10: Quan trọng | G10: ADS | H10: Chưa bắt đầu
A11: ADS-06 | B11: D-11 | C11: 31/07 | D11: Chốt bảng phân bổ ngân sách theo giai đoạn | E11: Gợi ý: 55% cho D-11→D-4 (gom đăng ký) · 30% cho D-3→D0 (nước rút) · 15% giữ lại cho retarget bán khóa trong tuần live. Ghi con số tuyệt đối vào bảng, không để 'linh hoạt'. | F11: CHẶN | G11: ADS | H11: Chưa bắt đầu
A12: GIAI ĐOẠN 2 — CHẠY VÀ TỐI ƯU (D-11 → D-1)
A13: ADS-07 | B13: D-11 | C13: 31/07 | D13: Mở chiến dịch với 8–10 mẫu ad từ CP | E13: Mỗi nhóm quảng cáo chạy tối thiểu 3 mẫu để có cái so sánh. Không mở tất cả ngân sách ngày đầu. | F13: Quan trọng | G13: ADS | H13: Chưa bắt đầu
A14: ADS-08 | B14: D-10 | C14: 01/08 | D14: Chốt ngưỡng CPL mục tiêu và quy tắc tăng/dừng bằng số | E14: Đề xuất: tăng ngân sách nhóm 20%/ngày nếu CPL dưới ngưỡng 2 ngày liên tiếp · dừng mẫu ad khi chi vượt 3 lần CPL mục tiêu mà chưa có lead · dừng nhóm khi CPL vượt 1,5 lần ngưỡng trong 48 giờ. Viết ra trước, để không phải quyết định theo cảm giác lúc đang chạy. | F14: CHẶN | G14: ADS | H14: Chưa bắt đầu
A15: ADS-09 | B15: D-10 | C15: 01/08 | D15: Báo cáo hằng ngày 9h sáng | E15: Sáu số: chi · số lead · CPL · tỷ lệ điền form thành công · tỷ lệ vào Zalo group · số vé trả phí. Gửi vào group nội bộ, không chờ ai hỏi. | F15: Quan trọng | G15: ADS | H15: Chưa bắt đầu
A16: ADS-10 | B16: D-8 | C16: 03/08 | D16: Test YouTube và TikTok với 10–15% ngân sách | E16: Chỉ mở rộng nếu CPL ≤ 1,3 lần CPL Facebook sau 3 ngày. Nếu không đạt, cắt và dồn về Facebook — 2 tuần không đủ thời gian nuôi kênh mới. | F16: Nên có | G16: ADS | H16: Chưa bắt đầu
A17: ADS-11 | B17: D-7 | C17: 04/08 | D17: Báo cáo giữa kỳ và dự phóng cán đích | E17: So số đăng ký hiện tại với mục tiêu 1.000–3.000. Nếu dự phóng hụt trên 30%, báo ngay để họp điều chỉnh ngân sách hoặc thông điệp — báo ở D-2 thì đã muộn. | F17: CHẶN | G17: ADS | H17: Chưa bắt đầu
A18: ADS-12 | B18: D-5 | C18: 06/08 | D18: Bật retarget mời nâng cấp vé cho người đã đăng ký vé Free | E18: Đây là doanh thu trước chuỗi và cũng là tín hiệu sớm về chất lượng tệp. Loại trừ người đã mua. | F18: Quan trọng | G18: ADS | H18: Chưa bắt đầu
A19: ADS-13 | B19: D-3 | C19: 08/08 | D19: Dồn ngân sách vào nhóm quảng cáo có CPL tốt nhất | E19: Giai đoạn nước rút không phải lúc test cái mới. Khóa cấu hình từ D-2, chỉ theo dõi. | F19: Quan trọng | G19: ADS | H19: Chưa bắt đầu
A20: ADS-14 | B20: D-1 | C20: 10/08 | D20: Đối chiếu tổng đăng ký với mục tiêu và báo cáo cho cả team | E20: Con số này quyết định kỳ vọng doanh thu của cả chuỗi. Báo trước để An và team support chuẩn bị đúng tâm thế. | F20: Quan trọng | G20: ADS | H20: Chưa bắt đầu
A21: GIAI ĐOẠN 3 — TRONG TUẦN LIVE (D0 → D+4)
A22: ADS-15 | B22: D0 | C22: 11/08 | D22: Retarget người đã đăng ký nhưng chưa vào Zalo group | E22: Nhóm này đã trả chi phí lấy lead rồi mà chưa vào được kênh nhắc lịch. Cứu nhóm này rẻ hơn mua lead mới. | F22: Quan trọng | G22: ADS | H22: Chưa bắt đầu
A23: ADS-16 | B23: D+1 | C23: 12/08 | D23: Bật quảng cáo bán khóa cho người đã dự buổi | E23: Tải danh sách người dự từ Zoom, tạo custom audience, chạy quảng cáo bán đúng gói mở trong buổi đó. Làm ngay trong ngày, không để nguội. | F23: Quan trọng | G23: ADS | H23: Chưa bắt đầu
A24: ADS-17 | B24: D+1 | C24: 12/08 | D24: Quyết định giữ hay tạm dừng campaign lead — quyết bằng số | E24: Nếu CPL vẫn tốt và phòng còn tải được thì giữ để gom người vào buổi 3, 4, 5. Nếu không, dồn toàn bộ sang retarget bán khóa. | F24: Quan trọng | G24: ADS | H24: Chưa bắt đầu
A25: ADS-18 | B25: D+3 | C25: 14/08 | D25: Dồn ngân sách còn lại vào tệp chủ doanh nghiệp trước buổi 5 | E25: Buổi 5 bán gói 12–19 triệu, giá trị đơn cao nhất cả chuỗi. Nhắm đúng người ra quyết định được về ngân sách. | F25: Quan trọng | G25: ADS | H25: Chưa bắt đầu
A26: GIAI ĐOẠN 4 — SAU CHUỖI (D+5 → D+7)
A27: ADS-19 | B27: D+5 | C27: 16/08 | D27: Chạy retarget cho 48 giờ gia hạn | E27: Nhắm toàn bộ người đã dự ít nhất 1 buổi và chưa mua. Dừng đúng giờ khi hết 48 giờ. | F27: Quan trọng | G27: ADS | H27: Chưa bắt đầu
A28: ADS-20 | B28: D+6 | C28: 17/08 | D28: Báo cáo tổng kết chiến dịch | E28: Tổng chi · số đăng ký · CPL · show rate từng buổi · doanh thu từng gói · CAC theo từng gói · so sánh với trần CAC cho phép. Kèm 3 nhận định và 3 việc làm khác đi ở chuỗi sau. | F28: Quan trọng | G28: ADS | H28: Chưa bắt đầu
A29: ADS-21 | B29: D+7 | C29: 18/08 | D29: Lưu tệp đối tượng và dữ liệu học máy cho lần chạy sau | E29: Tệp người xem video, người dự buổi, người mua — đây là tài sản đắt nhất chiến dịch này để lại. | F29: Nên có | G29: ADS | H29: Chưa bắt đầu
D31: TIẾN ĐỘ | E31: =COUNTIF(H5:H29,"Xong")&" / "&COUNTA(H5:H29)&" đầu việc đã xong"

Sheet 04. Video Editor
A1: VIDEO EDITOR
A2: Tài sản trước chuỗi → ca cắt highlight hằng ngày trong tuần live → đóng gói record
A4: Mã | B4: Mốc | C4: Hạn chót | D4: ĐẦU VIỆC | E4: TIÊU CHUẨN HOÀN THÀNH / GHI CHÚ | F4: Mức | G4: Người phụ trách | H4: Trạng thái
A5: GIAI ĐOẠN 1 — TÀI SẢN TRƯỚC CHUỖI (D-14 → D-2)
A6: ED-01 | B6: D-14 | C6: 28/07 | D6: Nhận brief hình ảnh và dựng moodboard thống nhất | E6: Một bộ nhận diện dùng chung cho ads, landing, slide, Zalo. Năm người làm ra một thương hiệu, không phải năm phong cách. | F6: Quan trọng | G6: EDIT | H6: Chưa bắt đầu
A7: ED-02 | B7: D-13 | C7: 29/07 | D7: Quay và dựng video mời tham dự của An (60–90 giây) | E7: Xuất 2 tỷ lệ: dọc 9:16 cho Reels/TikTok và ngang 16:9 cho landing. Có phụ đề cháy sẵn — phần lớn người xem tắt tiếng. | F7: Quan trọng | G7: EDIT | H7: Chưa bắt đầu
A8: ED-03 | B8: D-12 | C8: 30/07 | D8: Dựng 3–5 biến thể video ad, chỉ đổi hook 3 giây đầu | E8: Giữ nguyên phần thân, chỉ thay đoạn mở. Đây là cách test rẻ nhất cho ADS. | F8: CHẶN | G8: EDIT | H8: Chưa bắt đầu
A9: ED-04 | B9: D-11 | C9: 31/07 | D9: Xuất bộ hình chiến dịch | E9: Cover landing · ảnh so sánh 3 hạng vé · ảnh timeline 5 buổi · ảnh 4 cấp độ Agentic Business OS · bộ ảnh đếm ngược D-7 đến D-1. | F9: Quan trọng | G9: EDIT | H9: Chưa bắt đầu
A10: ED-05 | B10: D-10 | C10: 01/08 | D10: Dựng 6–8 video ngắn từ kịch bản của CP | E10: 15–45 giây, phụ đề cháy sẵn, tỷ lệ dọc. Xuất đủ trước khi bước vào tuần nước rút. | F10: Quan trọng | G10: EDIT | H10: Chưa bắt đầu
A11: ED-06 | B11: D-9 | C11: 02/08 | D11: Quay video story founder dùng lại được cho bản evergreen | E11: Brief ghi rõ: quay một lần, dùng cho mọi chuỗi sau, để An không phải kể lại mỗi lần. | F11: Nên có | G11: EDIT | H11: Chưa bắt đầu
A12: ED-07 | B12: D-8 | C12: 03/08 | D12: Slide template + intro và outro bumper cho Zoom | E12: Bumper 5–8 giây chạy lúc chờ vào phòng. Template slide bàn giao An để không phải tự canh bố cục. | F12: Quan trọng | G12: EDIT | H12: Chưa bắt đầu
A13: ED-08 | B13: D-7 | C13: 04/08 | D13: Video hướng dẫn vào lớp (60 giây) | E13: Link Zoom lấy ở đâu · cách đổi tên hiển thị · cách đặt câu hỏi · giờ mở phòng. Giảm tải rất nhiều cho người trực support. | F13: Quan trọng | G13: EDIT | H13: Chưa bắt đầu
A14: ED-09 | B14: D-6 | C14: 05/08 | D14: Ảnh và video nhắc lịch dùng cho ZNS và Zalo group | E14: Bộ 5 ảnh nhắc lịch cho 5 buổi, ghi rõ chủ đề buổi đó. Giao KT/SP hẹn giờ sẵn. | F14: Quan trọng | G14: EDIT | H14: Chưa bắt đầu
A15: ED-10 | B15: D-5 | C15: 06/08 | D15: Cắt teaser từ bản chạy thử của các demo | E15: Demo agent 8 phút · mini app · dây chuyền Genful · Co-Founder Agent. Đây là bằng chứng mạnh nhất để kéo đăng ký giai đoạn nước rút. | F15: Quan trọng | G15: EDIT | H15: Chưa bắt đầu
A16: GIAI ĐOẠN 2 — CA HẰNG NGÀY TRONG TUẦN LIVE (D0 → D+4)
A17: ED-11 | B17: D+1 | C17: 12/08 | D17: Cắt 2–3 clip highlight từ record buổi tối trước, giao trước 11h sáng | E17: Ưu tiên: khoảnh khắc demo · câu nói phá niềm tin · phản ứng của học viên trong chat. Giao trễ là mất nhịp nội dung cả ngày. | F17: Quan trọng | G17: EDIT | H17: Chưa bắt đầu
A18: ED-12 | B18: D+1 | C18: 12/08 | D18: Xuất full record giao vé 199K và 499K trong 12 giờ sau buổi | E18: Đây là quyền lợi đã bán trên landing. Giao chậm là thất hứa với người đã trả tiền, và sẽ thành khiếu nại ngay trong tuần live. | F18: CHẶN | G18: EDIT | H18: Chưa bắt đầu
A19: ED-13 | B19: D+2 | C19: 13/08 | D19: Cắt riêng phần demo thành clip bằng chứng độc lập | E19: Clip demo dùng lại được cho quảng cáo bán khóa, cho chuỗi sau, và cho trợ giảng gửi khi khách phân vân. | F19: Quan trọng | G19: EDIT | H19: Chưa bắt đầu
A20: ED-14 | B20: D+3 | C20: 14/08 | D20: Cắt clip testimonial học viên phát biểu trong buổi | E20: Xin phép trước khi dùng. Ưu tiên người nói được kết quả cụ thể, không phải lời khen chung chung. | F20: Nên có | G20: EDIT | H20: Chưa bắt đầu
A21: GIAI ĐOẠN 3 — SAU CHUỖI (D+5 → D+7)
A22: ED-15 | B22: D+5 | C22: 16/08 | D22: Đóng gói full record 5 buổi có chương mục | E22: Chia chương theo mốc trong buổi để người mua vé tua đúng phần cần xem. Đây là phần lớn giá trị của vé 199K và 499K. | F22: CHẶN | G22: EDIT | H22: Chưa bắt đầu
A23: ED-16 | B23: D+6 | C23: 17/08 | D23: Dựng video sales dùng cho 48 giờ gia hạn và chuỗi sau | E23: Ghép highlight demo + testimonial + lời chốt. Một video này chạy được nhiều tháng. | F23: Quan trọng | G23: EDIT | H23: Chưa bắt đầu
A24: ED-17 | B24: D+7 | C24: 18/08 | D24: Lưu trữ toàn bộ tài sản vào thư mục chuẩn | E24: Đặt tên file theo quy ước, ghi rõ buổi nào, dùng cho mục đích gì. Chuỗi sau tái sử dụng được ngay. | F24: Nên có | G24: EDIT | H24: Chưa bắt đầu
D26: TIẾN ĐỘ | E26: =COUNTIF(H5:H24,"Xong")&" / "&COUNTA(H5:H24)&" đầu việc đã xong"

Sheet 05. Support & Truyền thông
A1: SUPPORT & TRUYỀN THÔNG
A2: Chăm sóc học viên trước – trong – sau · giữ show rate · chốt đơn song song qua Zalo
A4: Mã | B4: Mốc | C4: Hạn chót | D4: ĐẦU VIỆC | E4: TIÊU CHUẨN HOÀN THÀNH / GHI CHÚ | F4: Mức | G4: Người phụ trách | H4: Trạng thái
A5: GIAI ĐOẠN 1 — DỰNG KÊNH CHĂM SÓC (D-14 → D-4)
A6: SP-01 | B6: D-9 | C6: 02/08 | D6: Dựng Zalo group, quy tắc nhóm và tin ghim | E6: Tin ghim gồm: lịch 5 buổi · link Zoom · 3 bước cần làm · nơi đặt câu hỏi. Nhóm phải sẵn sàng trước khi ads đẩy người vào. | F6: CHẶN | G6: KT/SP | H6: Chưa bắt đầu
A7: SP-02 | B7: D-8 | C7: 03/08 | D7: Viết kịch bản trả lời 15 câu hỏi thường gặp | E7: Vé khác nhau chỗ nào · có record không · học ở đâu · có xuất hóa đơn VAT không · lỡ một buổi thì sao · không rành công nghệ có theo được không · đã mua vé rồi nâng cấp thế nào. Mỗi câu một đoạn dán được ngay. | F7: Quan trọng | G7: KT/SP | H7: Chưa bắt đầu
A8: SP-03 | B8: D-7 | C8: 04/08 | D8: Cài chuỗi nhắc lịch ZNS và SMS cho cả 5 buổi | E8: T−24 giờ · T−1 giờ · T−10 phút, tổng 15 lượt gửi. Brief ghi rõ: show rate sụp thì mọi thứ phía sau nhân với 0. Hẹn giờ sẵn, không gửi tay. | F8: CHẶN | G8: KT/SP | H8: Chưa bắt đầu
A9: SP-04 | B9: D-6 | C9: 05/08 | D9: Chốt và huấn luyện thêm 2–3 trợ giảng trực Zalo | E9: Brief yêu cầu 3–4 người trực mỗi buổi. Hiện chỉ có 1 người và người đó còn kiêm kỹ thuật. An đang giảng thì không ai chốt — đây là chỗ mất đơn lớn nhất. Có thể huy động người từ bộ phận khác, miễn là có tên cụ thể và được tập trước. | F9: CHẶN | G9: KT/SP | H9: Chưa bắt đầu
A10: SP-05 | B10: D-5 | C10: 06/08 | D10: Tự đăng ký thử bằng số điện thoại lạ và kiểm thử toàn luồng | E10: Đăng ký → nhận tin tự động → vào group → nhận link Zoom. Đi đúng đường của khách chứ không kiểm tra từng phần rời rạc. | F10: CHẶN | G10: KT/SP | H10: Chưa bắt đầu
A11: SP-06 | B11: D-4 | C11: 07/08 | D11: Chuẩn bị bộ tin nhắn chốt đơn mẫu kèm link thanh toán từng gói | E11: Sáu link riêng: Cấp 1 · Cấp 2 · Cấp 3 · Gói 2 khóa · Gói 3 khóa · Co-Founder · Trọn bộ. Kèm link nâng cấp trả phần chênh. Lúc đang chốt không có thời gian đi tìm link. | F11: CHẶN | G11: KT/SP | H11: Chưa bắt đầu
A12: SP-07 | B12: D-3 | C12: 08/08 | D12: Đồng bộ danh sách: form landing ↔ Zalo group ↔ danh sách Zoom | E12: Ba nơi phải khớp. Người trả tiền mà không nhận được link là sự cố nghiêm trọng nhất có thể xảy ra trong tuần live. | F12: CHẶN | G12: KT/SP | H12: Chưa bắt đầu
A13: GIAI ĐOẠN 2 — VẬN HÀNH MỖI BUỔI (D0 → D+4)
A14: SP-08 | B14: D0 | C14: 11/08 | D14: 19:30 — mở phòng, đăng tin trong group, gửi link Zoom lần cuối | E14: Bumper chạy nền lúc chờ. Chào từng người vào phòng trong 15 phút đầu. | F14: Quan trọng | G14: KT/SP | H14: Chưa bắt đầu
A15: SP-09 | B15: D0 | C15: 11/08 | D15: Chuẩn bị sẵn 3–5 tên học viên đã ra kết quả để đọc ở phần mở màn | E15: Brief ghi bằng chứng từ người cùng lớp mạnh hơn case ngoài. Buổi 1 dùng người từ chương trình cũ. | F15: Quan trọng | G15: KT/SP | H15: Chưa bắt đầu
A16: SP-10 | B16: D0 | C16: 11/08 | D16: Trong buổi — trực chat, đẩy câu hỏi hay lên cho An, thả câu hỏi mồi khi chat nguội | E16: Không để phần Q&A rơi vào im lặng. Câu mồi lấy từ bộ của CP. | F16: Quan trọng | G16: KT/SP | H16: Chưa bắt đầu
A17: SP-11 | B17: D+1 | C17: 12/08 | D17: Từ 21:45 — thả link thanh toán và chốt song song qua Zalo | E17: Brief ghi ~75% đơn xảy ra ở Q&A. Trong lúc An trả lời trên sóng, trợ giảng nhắn riêng từng người đang phân vân. | F17: CHẶN | G17: KT/SP | H17: Chưa bắt đầu
A18: SP-12 | B18: D+1 | C18: 12/08 | D18: Ghi nhận người quan tâm chưa chốt vào danh sách gọi lại | E18: Ghi rõ họ vướng ở đâu: giá, thời gian, cần bàn với ai. Danh sách này quyết định doanh thu 48 giờ sau. | F18: Quan trọng | G18: KT/SP | H18: Chưa bắt đầu
A19: SP-13 | B19: D+1 | C19: 12/08 | D19: Sau buổi — gửi tổng kết, link record cho vé trả phí, bài tập về nhà | E19: Gửi trong đêm hoặc chậm nhất 9h sáng hôm sau. Bài tập giữ người quay lại buổi kế. | F19: Quan trọng | G19: KT/SP | H19: Chưa bắt đầu
A20: SP-14 | B20: D+2 | C20: 13/08 | D20: Gọi lại danh sách quan tâm trong 24 giờ | E20: Sau 72 giờ lead webinar gần như mất giá trị. Gọi, không chỉ nhắn tin. | F20: Quan trọng | G20: KT/SP | H20: Chưa bắt đầu
A21: GIAI ĐOẠN 3 — SAU CHUỖI (D+5 → D+7)
A22: SP-15 | B22: D+5 | C22: 16/08 | D22: Xử lý form kim cương trong 24 giờ — một người có tên chịu trách nhiệm | E22: Đây là tệp có khả năng chuyển sang Solution và Elite, giá trị đơn cao nhất. Không được để trôi vì bận chốt đơn nhỏ. | F22: CHẶN | G22: KT/SP | H22: Chưa bắt đầu
A23: SP-16 | B23: D+6 | C23: 17/08 | D23: Gọi lại toàn bộ danh sách quan tâm chưa chốt trước khi đóng vòng 48 giờ | E23: Chia danh sách theo mức độ nóng, gọi nhóm nóng trước. Ghi lại lý do từ chối để cải thiện chuỗi sau. | F23: Quan trọng | G23: KT/SP | H23: Chưa bắt đầu
A24: SP-17 | B24: D+6 | C24: 17/08 | D24: Thu testimonial từ học viên đã mua | E24: Xin ngay khi cảm xúc còn nóng. Ưu tiên người nói được kết quả cụ thể. | F24: Quan trọng | G24: KT/SP | H24: Chưa bắt đầu
A25: SP-18 | B25: D+7 | C25: 18/08 | D25: Bàn giao học viên đã mua sang lớp chính và đóng vòng gia hạn | E25: Đúng giờ đóng vòng. Kéo dài một lần là mọi deadline của chuỗi sau mất hiệu lực. | F25: Quan trọng | G25: KT/SP | H25: Chưa bắt đầu
D27: TIẾN ĐỘ | E27: =COUNTIF(H5:H25,"Xong")&" / "&COUNTA(H5:H25)&" đầu việc đã xong"

Sheet 06. Kỹ thuật & Tổ chức lớp
A1: KỸ THUẬT & TỔ CHỨC LỚP
A2: Hạ tầng bán vé · phòng Zoom · thiết bị · phương án dự phòng · quy trình trước – trong – sau mỗi buổi
A4: Mã | B4: Mốc | C4: Hạn chót | D4: ĐẦU VIỆC | E4: TIÊU CHUẨN HOÀN THÀNH / GHI CHÚ | F4: Mức | G4: Người phụ trách | H4: Trạng thái
A5: GIAI ĐOẠN 1 — HẠ TẦNG BÁN VÉ (D-14 → D-7). Thiếu bất kỳ mục nào là không bán được vé
A6: KT-01 | B6: D-13 | C6: 29/07 | D6: Nâng gói Zoom đủ tải cho mục tiêu 1.000–3.000 đăng ký | E6: Gói hiện tại nhiều khả năng không đủ. Cần Webinar hoặc Large Meeting ≥1.000 chỗ. Phòng đầy giữa buổi bán 12 triệu là mất buổi. | F6: CHẶN | G6: KT/SP | H6: Chưa bắt đầu
A7: KT-02 | B7: D-12 | C7: 30/07 | D7: Landing 3 hạng vé + cổng thanh toán + trang cảm ơn đẩy thẳng vào Zalo | E7: Không có nơi bán vé thì không thu được vé và không thu được dữ liệu. Kiểm tra trên cả điện thoại và máy tính. | F7: CHẶN | G7: KT/SP | H7: Chưa bắt đầu
A8: KT-03 | B8: D-11 | C8: 31/07 | D8: Cổng thanh toán xử lý được cơ chế nâng cấp trả phần chênh | E8: Đường đi 5 → 9 → 11 → 19 triệu. Nếu không xử lý được, toàn bộ cơ chế combo sụp và người mua sớm thành nhóm hối tiếc. Test thật một lượt nâng cấp trước khi mở bán. | F8: CHẶN | G8: KT/SP | H8: Chưa bắt đầu
A9: KT-04 | B9: D-10 | C9: 01/08 | D9: Tạo 5 phòng Zoom, đặt lịch, bật record cloud, cài đặt quyền | E9: Tắt phòng chờ hoặc bố trí người duyệt · tắt quyền chia sẻ màn hình của người tham dự · bật chat · đặt tên phòng theo chủ đề từng buổi. | F9: CHẶN | G9: KT/SP | H9: Chưa bắt đầu
A10: KT-05 | B10: D-9 | C10: 02/08 | D10: Cài poll Zoom phân loại 4 cấp độ cho buổi 1 | E10: Brief ghi đây là dữ liệu phân tệp quý nhất cả chuỗi — quyết định ads và nội dung của 4 buổi còn lại. Test poll trước, không cài lúc đang live. | F10: CHẶN | G10: KT/SP | H10: Chưa bắt đầu
A11: KT-06 | B11: D-8 | C11: 03/08 | D11: Chính sách hoàn tiền vé và hóa đơn VAT bằng văn bản | E11: Tệp chủ doanh nghiệp hỏi ngay trong buổi. Không trả lời được là mất deal tại chỗ. Đăng lên landing và đưa cho trợ giảng. | F11: CHẶN | G11: KT/SP | H11: Chưa bắt đầu
A12: KT-07 | B12: D-8 | C12: 03/08 | D12: Chính sách khi khách ngừng trả phí công cụ — bằng văn bản, ghi vào hợp đồng | E12: Câu hỏi này chắc chắn xuất hiện ở buổi 5 khi bán gói 12–19 triệu. Ứng biến trên sóng là mất uy tín trước đúng tệp cần nhất. | F12: CHẶN | G12: KT/SP | H12: Chưa bắt đầu
A13: GIAI ĐOẠN 2 — SẴN SÀNG KỸ THUẬT (D-7 → D-1)
A14: KT-08 | B14: D-5 | C14: 06/08 | D14: Test đường truyền, âm thanh, micro, hai màn hình, chia sẻ màn hình | E14: Test đúng vị trí và đúng khung giờ sẽ live, không test giữa trưa rồi kết luận ổn. | F14: Quan trọng | G14: KT/SP | H14: Chưa bắt đầu
A15: KT-09 | B15: D-4 | C15: 07/08 | D15: Đóng gói bộ 12 agent mẫu cài được bằng một cú nhấn | E15: Đây là quà tặng đã hứa. Không cài tay nổi cho hàng trăm học viên. Test quy trình cài trên một máy sạch. | F15: CHẶN | G15: KT/SP | H15: Chưa bắt đầu
A16: KT-10 | B16: D-2 | C16: 09/08 | D16: DIỄN TẬP KỸ THUẬT ĐẦY ĐỦ cùng An trên đường truyền thật | E16: Chạy hết 4 demo từ đầu đến cuối: agent 8 phút · mini app · Genful · Co-Founder Agent. Bấm giờ. Đây là buổi tổng duyệt duy nhất, không bỏ. | F16: CHẶN | G16: KT/SP | H16: Chưa bắt đầu
A17: KT-11 | B17: D-2 | C17: 09/08 | D17: Chuẩn bị phương án B cho mọi demo | E17: Máy tính dự phòng đã cài sẵn · 4G phát sóng dự phòng · video quay sẵn từng demo để phát ngay khi công cụ treo. Brief ghi rõ: luôn chuẩn bị phương án B nếu công cụ treo. | F17: CHẶN | G17: KT/SP | H17: Chưa bắt đầu
A18: KT-12 | B18: D-1 | C18: 10/08 | D18: Gửi link Zoom cho toàn bộ danh sách và mở phòng thử | E18: Gửi qua cả Zalo group và ZNS. Mở phòng 30 phút để người lo lắng vào thử trước. | F18: Quan trọng | G18: KT/SP | H18: Chưa bắt đầu
A19: GIAI ĐOẠN 3 — QUY TRÌNH NGÀY CHẠY LIVE (lặp cho cả 5 buổi)
A20: KT-13 | B20: D0 | C20: 11/08 | D20: 18:00 — kiểm tra thiết bị, đường truyền, mở sẵn công cụ demo | E20: Đăng nhập sẵn mọi tài khoản. Tắt thông báo trên máy chia sẻ màn hình. | F20: CHẶN | G20: KT/SP | H20: Chưa bắt đầu
A21: KT-14 | B21: D0 | C21: 11/08 | D21: 19:00 — chạy thử demo của buổi tối nay một lượt trong phòng nội bộ | E21: Công cụ chạy được chiều nay không có nghĩa là chạy được lúc 21:05. | F21: CHẶN | G21: KT/SP | H21: Chưa bắt đầu
A22: KT-15 | B22: D0 | C22: 11/08 | D22: 19:30 — mở phòng, chạy bumper, hỗ trợ người vào sớm | E22: Người vào sớm là người sẵn sàng mua nhất. Đừng để họ ngồi trước màn hình đen. | F22: Quan trọng | G22: KT/SP | H22: Chưa bắt đầu
A23: KT-16 | B23: D0 | C23: 11/08 | D23: Trong buổi — thao tác công cụ theo lời dẫn của An | E23: Brief ghi rõ cách giữ nhịp: An kể chuyện, team bấm máy. Tập trước để không lệch nhịp. | F23: Quan trọng | G23: KT/SP | H23: Chưa bắt đầu
A24: KT-17 | B24: D0 | C24: 11/08 | D24: Sau buổi — tải record, giao EDIT trước 8h sáng hôm sau | E24: Chậm một buổi là cả dây chuyền nội dung hôm sau đứng. | F24: Quan trọng | G24: KT/SP | H24: Chưa bắt đầu
A25: KT-18 | B25: D0 | C25: 11/08 | D25: Sau buổi — xuất danh sách người dự, thời lượng xem, log chat | E25: Danh sách người dự giao ADS để tạo custom audience · log chat giao CP để lấy câu hỏi thật · thời lượng xem để biết chỗ người ta rời phòng. | F25: Quan trọng | G25: KT/SP | H25: Chưa bắt đầu
A26: GIAI ĐOẠN 4 — SAU CHUỖI (D+5 → D+7)
A27: KT-19 | B27: D+5 | C27: 16/08 | D27: Bàn giao record đầy đủ cho vé 199K và 499K | E27: Kiểm tra từng người đã trả tiền đều nhận được quyền truy cập. Đối chiếu danh sách thanh toán với danh sách được cấp quyền. | F27: CHẶN | G27: KT/SP | H27: Chưa bắt đầu
A28: KT-20 | B28: D+6 | C28: 17/08 | D28: Xuất bộ dữ liệu tổng cho báo cáo | E28: Đăng ký · show rate từng buổi · thời lượng xem trung bình · đơn theo từng buổi. Giao ADS để dựng báo cáo tổng. | F28: Quan trọng | G28: KT/SP | H28: Chưa bắt đầu
A29: KT-21 | B29: D+7 | C29: 18/08 | D29: Rà soát và đóng quyền truy cập, lưu trữ dữ liệu | E29: Sao lưu record và danh sách vào nơi lưu trữ chuẩn. Đóng các quyền tạm cấp trong tuần live. | F29: Nên có | G29: KT/SP | H29: Chưa bắt đầu
D31: TIẾN ĐỘ | E31: =COUNTIF(H5:H29,"Xong")&" / "&COUNTA(H5:H29)&" đầu việc đã xong"

Sheet 07. Thắng - Slide & Demo
A1: AN - SLIDE & DEMO
A2: ĐƯỜNG GĂNG CỦA CẢ DỰ ÁN. Mọi bộ phận khác chờ đầu ra của sheet này. Trễ ở đây không bù được bằng ngân sách.
A4: Mã | B4: Mốc | C4: Hạn chót | D4: ĐẦU VIỆC | E4: TIÊU CHUẨN HOÀN THÀNH / GHI CHÚ | F4: Mức | G4: Người phụ trách | H4: Trạng thái
A5: SLIDE VÀ NỘI DUNG GIẢNG
A6: TH-01 | B6: D-14 | C6: 28/07 | D6: Chốt outline chi tiết 5 buổi từ brief đã có | E6: Brief Demo_Brief_5_Buoi.xlsx đã có đủ chủ đề, niềm tin cần phá, nội dung trình bày và kết quả từng buổi. Việc còn lại là chốt, không phải nghĩ lại từ đầu. | F6: CHẶN | G6: AN | H6: Chưa bắt đầu
A7: TH-02 | B7: D-12 | C7: 30/07 | D7: Slide buổi 1 — Bức tranh lớn | E7: Gồm slide 4 cấp độ Agentic Business OS và câu hỏi poll phân loại. Buổi này không bán khóa, chỉ mời nâng cấp vé và mở 3 vòng lặp cho buổi 3, 4, 5 — nói cụ thể, không úp mở. | F7: CHẶN | G7: AN | H7: Chưa bắt đầu
A8: TH-03 | B8: D-11 | C8: 31/07 | D8: Slide buổi 2 — Work OS | E8: Bảng chấm điểm 20 việc lặp theo tần suất × thời gian × mức chuẩn hóa · 5 thành phần của một agent · phần công bố cơ chế nâng cấp 48 giờ. | F8: CHẶN | G8: AN | H8: Chưa bắt đầu
A9: TH-04 | B9: D-9 | C9: 02/08 | D9: Slide buổi 3 — Product OS | E9: Các mô hình sản phẩm số · cách chọn ngách · cấu trúc offer theo kết quả · phần mở Gói 2 khóa 9 triệu. | F9: CHẶN | G9: AN | H9: Chưa bắt đầu
A10: TH-05 | B10: D-7 | C10: 04/08 | D10: Slide buổi 4 — Channel OS | E10: Ba mô hình dòng tiền · công thức hook · dây chuyền sản xuất video · phần mở Gói 3 khóa 11 triệu. | F10: CHẶN | G10: AN | H10: Chưa bắt đầu
A11: TH-06 | B11: D-4 | C11: 07/08 | D11: Slide buổi 5 — Business OS + Bản đồ 90 ngày + Form kim cương | E11: Buổi chốt lớn nhất. Thêm 15 phút cho Bản đồ 90 ngày và form kim cương trước giờ sale. Cần thêm cơ chế cá nhân hóa bản đồ từ dữ liệu form. | F11: CHẶN | G11: AN | H11: Chưa bắt đầu
A12: TH-07 | B12: D-3 | C12: 08/08 | D12: Tổng duyệt slide cả 5 buổi | E12: Đọc liền mạch để kiểm tra mạch chuyển giữa các buổi và chỗ bắc cầu sang phần bán. Brief ghi: gãy sang bán hàng đột ngột là mất phòng. | F12: Quan trọng | G12: AN | H12: Chưa bắt đầu
A13: DEMO LIVE — brief ghi đây là khoảnh khắc quyết định của mỗi buổi
A14: TH-08 | B14: D-12 | C14: 30/07 | D14: Dựng agent demo 8 phút cho buổi 2 | E14: Chạy thật, không cắt ghép. Chạy thử tối thiểu 3 lần, bấm giờ để chắc chắn nằm trong 8 phút. | F14: CHẶN | G14: AN | H14: Chưa bắt đầu
A15: TH-09 | B15: D-9 | C15: 02/08 | D15: Dựng mini app demo cho buổi 3 — từ ý tưởng đến link chạy được | E15: Đây là bằng chứng cho lời hứa 'không cần biết lập trình'. Chuẩn bị sẵn link dự phòng nếu build live thất bại. | F15: CHẶN | G15: AN | H15: Chưa bắt đầu
A16: TH-10 | B16: D-7 | C16: 04/08 | D16: Chạy thật dây chuyền Genful cho buổi 4 | E16: Ý tưởng → kịch bản → giọng → hình → video hoàn chỉnh. Brief ghi đây là demo mạnh nhất về thị giác cả chuỗi. | F16: CHẶN | G16: AN | H16: Chưa bắt đầu
A17: TH-11 | B17: D-5 | C17: 06/08 | D17: CO-FOUNDER AGENT — build xong và demo được live | E17: RỦI RO LỚN NHẤT CẢ PHỄU. Buổi 5 bán gói 12 triệu và trọn bộ 19 triệu, phụ thuộc hoàn toàn vào demo này. Một câu lệnh tiếng Việt → chia việc cho 3 agent con → tổng hợp báo cáo. Nếu D-5 chưa chạy được, phải quyết định ngay: lùi lịch hay đổi demo. | F17: CHẶN | G17: AN | H17: Chưa bắt đầu
A18: TH-12 | B18: D-2 | C18: 09/08 | D18: Chạy thử toàn bộ 4 demo trong buổi tổng duyệt với KT | E18: Trên đường truyền thật, đúng khung giờ live. Kèm tập luôn kịch bản khi công cụ treo: nói gì trong lúc chuyển sang video dự phòng. | F18: CHẶN | G18: AN | H18: Chưa bắt đầu
A19: CHẤT LIỆU CHỨNG MINH — brief ghi rõ hai mục này HIỆN CHƯA CÓ
A20: TH-13 | B20: D-8 | C20: 03/08 | D20: CASE STUDY SẢN PHẨM SỐ CÓ SỐ (buổi 3) | E20: Cần số thật: doanh thu, thời gian xây, số khách. Không có số thì phần chốt buổi 3 thiếu chân đứng và gói 9 triệu khó bán. | F20: CHẶN | G20: AN | H20: Chưa bắt đầu
A21: TH-14 | B21: D-6 | C21: 05/08 | D21: CASE STUDY KÊNH AI CÓ SỐ (buổi 4) | E21: Cần số thật: số video, lượt xem, doanh thu affiliate hoặc từ view. Không có số thì phần chốt buổi 4 thiếu chân đứng. | F21: CHẶN | G21: AN | H21: Chưa bắt đầu
A22: GIỮ SỨC VÀ VẬN HÀNH TRONG TUẦN LIVE
A23: TH-15 | B23: D-1 | C23: 10/08 | D23: Không sửa slide. Nghỉ ngơi, giữ giọng | E23: Sửa slide sát giờ là nguyên nhân phổ biến nhất khiến người dẫn mất nhịp trên sóng. | F23: Quan trọng | G23: AN | H23: Chưa bắt đầu
A24: TH-16 | B24: D0 | C24: 11/08 | D24: Mỗi buổi 20:10 — phần MỞ TƯ DUY, phá đúng một niềm tin | E24: Trial close liên tục trong lúc nói: 'Anh chị có thấy quen không? Gõ CÓ vào chat.' | F24: Quan trọng | G24: AN | H24: Chưa bắt đầu
A25: TH-17 | B25: D+1 | C25: 12/08 | D25: Buổi 2 — công bố cơ chế nâng cấp 48 giờ TRƯỚC lần chốt đầu tiên | E25: Bắt buộc. Ba đường đi đều về 19 triệu. Không ai bị phạt vì mua sớm, không ai được thưởng vì chờ. Công bố sau lần chốt đầu là mất niềm tin của người mua sớm. | F25: CHẶN | G25: AN | H25: Chưa bắt đầu
A26: TH-18 | B26: D+1 | C26: 12/08 | D26: Mỗi buổi — KHÔNG báo giá trước 22:05 | E26: Xếp chồng từng cấu phần, mỗi cấu phần gắn một phản đối, cộng dồn tổng giá trị rồi mới hạ giá. | F26: Quan trọng | G26: AN | H26: Chưa bắt đầu
A27: TH-19 | B27: D+4 | C27: 15/08 | D27: Buổi 5 — công bố gia hạn 48 giờ và mở Gói trọn bộ 19 triệu | E27: Câu bán: 'Thêm Co-Founder chỉ 8 triệu thay vì 12.' Q&A kéo tới 22:45 vì deal lớn cần nhiều thời gian gỡ. | F27: CHẶN | G27: AN | H27: Chưa bắt đầu
A28: TH-20 | B28: D+7 | C28: 18/08 | D28: Họp rút kinh nghiệm và cập nhật brief cho chuỗi sau | E28: Số liệu từng buổi · demo nào ăn nhất · phản đối nào lặp nhiều nhất · chỗ nào suýt gãy. Cập nhật thẳng vào brief để chuỗi sau chạy nhẹ hơn. | F28: Quan trọng | G28: AN | H28: Chưa bắt đầu
D30: TIẾN ĐỘ | E30: =COUNTIF(H5:H28,"Xong")&" / "&COUNTA(H5:H28)&" đầu việc đã xong"

Sheet 08. Run-of-show buổi live
A1: RUN-OF-SHOW — QUY TRÌNH TRƯỚC · TRONG · SAU MỖI BUỔI
A2: Khung chuẩn áp dụng cho buổi 2–5. Buổi 1 kết thúc sớm hơn (~22:00), không bán khóa, chỉ mời nâng cấp vé. In ra và dán trước mặt người trực.
A4: KHUNG GIỜ | B4: PHẦN | C4: VIỆC CẦN LÀM | D4: AI LÀM | E4: LƯU Ý QUYẾT ĐỊNH THÀNH BẠI | F4: Trạng thái
A5: TRƯỚC BUỔI — từ 18:00
A6: 18:00–18:30 | B6: Kiểm tra thiết bị | C6: Máy chính, máy dự phòng, micro, 2 màn hình, đường truyền chính và 4G dự phòng. Tắt mọi thông báo trên máy chia sẻ màn hình. | D6: KT/SP | E6: Một thông báo tin nhắn cá nhân hiện lên giữa demo là mất uy tín cả buổi.
A7: 18:30–19:00 | B7: Chạy thử demo | C7: Chạy trọn vẹn demo của buổi tối nay một lượt. Mở sẵn video dự phòng ở tab riêng. | D7: AN + KT/SP | E7: Công cụ chạy được chiều nay không đảm bảo chạy được lúc 21:05.
A8: 19:00–19:30 | B8: Chuẩn bị nội dung mở màn | C8: Chốt 3–5 tên học viên đã ra kết quả để đọc. Kiểm tra bộ câu hỏi mồi Q&A. Kiểm tra 6 link thanh toán còn sống. | D8: KT/SP + CP | E8: Brief ghi bằng chứng từ người cùng lớp mạnh hơn case ngoài.
A9: 19:30–20:00 | B9: Mở phòng | C9: Chạy bumper, chào từng người vào phòng, đăng tin nhắc trong Zalo group. | D9: KT/SP | E9: Người vào sớm là người sẵn sàng mua nhất.
A10: TRONG BUỔI — 20:00 đến 22:45
A11: 20:00–20:10 | B11: Mở màn | C11: Điểm lại buổi trước trong 3 câu. Đọc tên 3–5 học viên đã ra kết quả. Nhắc vòng lặp đang mở. | D11: Trợ giảng | E11: An chưa lên — giữ sức cho phần demo.
A12: 20:10–20:30 | B12: MỞ TƯ DUY | C12: Phá đúng một niềm tin của buổi đó. | D12: AN | E12: Trial close liên tục: 'Anh chị có thấy quen không? Gõ CÓ vào chat.'
A13: 20:30–21:05 | B13: Nội dung lõi | C13: Phần kiến thức chính, chia 3 khối nhỏ. | D13: AN dẫn + KT thao tác | E13: Cách giữ nhịp: An kể chuyện, team bấm máy.
A14: 21:05–21:35 | B14: DEMO LIVE | C14: Chạy thật trên màn hình, không cắt ghép. | D14: AN | E14: Khoảnh khắc quyết định cả buổi. Nếu công cụ treo quá 60 giây, chuyển ngay sang video dự phòng — không sửa lỗi trên sóng.
A15: 21:35–21:45 | B15: Tổng kết + bắc cầu | C15: Ba điều rút ra. Câu chuyển: 'Cái anh chị vừa thấy mất tôi 2 năm để hiểu. Có cách đi nhanh hơn.' | D15: AN | E15: Cầu nối phải mượt. Gãy sang bán hàng đột ngột là mất phòng.
A16: 21:45–22:15 | B16: GIỜ SALE — trình bày offer | C16: Xếp chồng từng cấu phần, mỗi cấu phần gắn một phản đối. Cộng dồn tổng giá trị rồi mới hạ giá. Trợ giảng bắt đầu thả link thanh toán. | D16: AN + trợ giảng | E16: KHÔNG báo giá trước 22:05.
A17: 22:15–22:40 | B17: GIỜ SALE — Q&A | C17: 8–10 câu hỏi mồi xen câu thật. Nhắc deadline và số suất. Trợ giảng nhắn riêng từng người đang phân vân. | D17: AN + 3–4 trợ giảng | E17: ~75% đơn xảy ra ở đây. Đây là lý do bắt buộc phải có đủ người trực.
A18: 22:40–22:45 | B18: Đóng | C18: Nhắc buổi sau và vòng lặp đã mở. Thả link thanh toán lần cuối. | D18: Trợ giảng | E18: Không kết thúc đột ngột — người còn phân vân sẽ rời đi luôn.
A19: SAU BUỔI — trong đêm và sáng hôm sau
A20: 22:45–23:15 | B20: Chốt nốt | C20: Nhắn riêng toàn bộ người đã hỏi giá nhưng chưa chuyển khoản. Ghi nhận lý do vướng. | D20: Trợ giảng | E20: Cửa sổ nóng nhất chỉ kéo dài khoảng 30 phút sau khi tắt sóng.
A21: 23:15–23:45 | B21: Xuất dữ liệu | C21: Tải record · xuất danh sách người dự và thời lượng xem · xuất log chat. | D21: KT/SP | E21: Record giao EDIT trước 8h sáng, danh sách giao ADS, log chat giao CP.
A22: Trước 09:00 | B22: Gửi tổng kết | C22: Gửi tin tổng kết vào Zalo group, kèm bài tập và link record cho vé trả phí. | D22: KT/SP | E22: Bài tập là thứ giữ người quay lại buổi kế.
A23: Trước 11:00 | B23: Highlight | C23: Giao 2–3 clip highlight cho CP viết caption. | D23: EDIT | E23: Trễ là mất nhịp nội dung cả ngày.
A24: Trước 12:00 | B24: Bài recap | C24: Đăng bài recap + mở vòng lặp cho buổi tối nay. | D24: CP
A25: Trong ngày | B25: Retarget | C25: Tạo custom audience từ danh sách người dự, bật quảng cáo bán gói vừa mở. | D25: ADS | E25: Làm ngay trong ngày, không để nguội.
A26: Trong 24 giờ | B26: Gọi lại | C26: Gọi danh sách quan tâm chưa chốt. | D26: Trợ giảng | E26: Sau 72 giờ lead webinar gần như mất giá trị.

Sheet 09. Việc CHẶN
A1: DANH SÁCH VIỆC CHẶN — ĐIỂM DANH 5 PHÚT MỖI SÁNG
A2: Việc trong bảng này thiếu thì buổi học hoặc phễu bán hàng sập. Không có việc nào ở đây được phép trôi sang ngày hôm sau mà không có lý do.
A3: Nguồn: sheet '4. Chuẩn bị' trong Demo_Brief_5_Buoi.xlsx, đã bổ sung deadline và bộ phận phụ trách.
A5: MÃ | B5: HẠN CHÓT | C5: TÀI SẢN / VIỆC BẮT BUỘC CÓ | D5: BỘ PHẬN | E5: RỦI RO NẾU THIẾU | F5: Trạng thái
A6: ADS-02 | B6: 29/07 (D-13) | C6: Tracking đầy đủ: UTM · Meta Pixel · GA4 · sự kiện server-side · tag CRM và Zalo | D6: ADS | E6: Chạy 30–100 triệu quảng cáo mà không biết tiền đi đâu. Audit kênh ghi hiện trạng là 'không đo gì cả' | F6: Chưa bắt đầu
A7: KT-01 | B7: 29/07 (D-13) | C7: Gói Zoom đủ tải cho 1.000–3.000 người | D7: KT/SP | E7: Phòng đầy giữa buổi bán 12 triệu là mất trắng buổi đó | F7: Chưa bắt đầu
A8: KT-02 | B8: 30/07 (D-12) | C8: Landing 3 hạng vé + cổng thanh toán + trang cảm ơn đẩy vào Zalo | D8: KT/SP | E8: Không có nơi bán vé, không thu được dữ liệu | F8: Chưa bắt đầu
A9: TH-08 | B9: 30/07 (D-12) | C9: DEMO dựng agent trong 8 phút — chạy thật, có phương án B | D9: AN | E9: Buổi 2 mất khoảnh khắc quyết định, tỷ lệ chốt sụp | F9: Chưa bắt đầu
A10: KT-03 | B10: 31/07 (D-11) | C10: Cổng thanh toán xử lý được nâng cấp — khách trả phần chênh 5 → 9 → 11 → 19 | D10: KT/SP | E10: Toàn bộ cơ chế combo sụp. Người mua sớm thành nhóm hối tiếc | F10: Chưa bắt đầu
A11: KT-05 | B11: 02/08 (D-9) | C11: Poll Zoom phân loại 4 cấp độ cho buổi 1 | D11: KT/SP | E11: Mất dữ liệu phân tệp quý nhất cả chuỗi | F11: Chưa bắt đầu
A12: TH-09 | B12: 02/08 (D-9) | C12: DEMO dựng mini app từ 0 đến link chạy được | D12: AN | E12: Mất bằng chứng cho lời hứa 'không cần biết code' | F12: Chưa bắt đầu
A13: KT-06 | B13: 03/08 (D-8) | C13: Chính sách hoàn tiền vé + hóa đơn VAT bằng văn bản | D13: KT/SP | E13: Tệp chủ doanh nghiệp hỏi ngay trong buổi. Không trả lời được là mất deal tại chỗ | F13: Chưa bắt đầu
A14: KT-07 | B14: 03/08 (D-8) | C14: Chính sách khi khách ngừng trả phí công cụ — bằng văn bản, ghi vào hợp đồng | D14: KT/SP | E14: Câu hỏi chắc chắn xuất hiện ở buổi 5. Ứng biến trên sóng là mất uy tín | F14: Chưa bắt đầu
A15: TH-13 | B15: 03/08 (D-8) | C15: CASE STUDY sản phẩm số CÓ SỐ (buổi 3) | D15: AN | E15: Phần chốt buổi 3 thiếu chân đứng. BRIEF GHI: HIỆN CHƯA CÓ | F15: Chưa bắt đầu
A16: SP-03 | B16: 04/08 (D-7) | C16: Chuỗi nhắc lịch ZNS và SMS: T−24h · T−1h · T−10 phút cho cả 5 buổi | D16: KT/SP + CP | E16: Show rate sụp — mọi thứ phía sau nhân với 0 | F16: Chưa bắt đầu
... A29: SP-15 | B29: 16/08 (D+5) | C29: Một người có tên xử lý form kim cương trong 24 giờ | D29: KT/SP | E29: Sau 72 giờ lead webinar gần như mất giá trị | F29: Chưa bắt đầu
C31: SỐ VIỆC CHẶN ĐÃ XONG | E31: =COUNTIF(F6:F29,"Xong")&" / "&COUNTA(A6:A29)

Sheet 10. Lỗ hổng nguồn lực
B1: LỖ HỔNG NGUỒN LỰC — ĐỌC TRƯỚC KHI PHÂN VIỆC
B2: Đối chiếu khối lượng công việc trong checklist với 4 nhân sự hiện có (CP · ADS · EDIT · KT/SP) cộng An. Đây là những chỗ kế hoạch sẽ gãy nếu không xử lý trước.
B4: LỖ HỔNG | C4: VÌ SAO ĐÂY LÀ VẤN ĐỀ | D4: PHƯƠNG ÁN XỬ LÝ | E4: HẠN QUYẾT ĐỊNH
B5: Thiếu 2–3 trợ giảng chốt đơn | C5: Brief yêu cầu 3–4 người trực Zalo mỗi buổi và ghi rõ ~75% đơn xảy ra ở phần Q&A. Hiện chỉ có 1 người, người đó còn kiêm toàn bộ kỹ thuật — trong lúc đang thao tác demo cho An thì không thể nhắn tin chốt đơn. | D5: Huy động 2–3 người từ bộ phận khác hoặc thuê ngoài theo buổi. Không cần chuyên môn AI sâu, chỉ cần thuộc bảng giá, cơ chế nâng cấp và 5 kịch bản phản đối. Tập một buổi trước D-2. | E5: D-6 · 05/08
B6: Một người kiêm cả kỹ thuật lẫn chăm sóc học viên | C6: Sheet 06 và sheet 05 đều dồn lên KT/SP. Trong khung 21:05–21:35 người này phải thao tác demo theo lời An, cùng lúc sheet 05 yêu cầu trực chat và đẩy câu hỏi. Một người không làm được hai việc này cùng lúc. | D6: Tách vai: người trực kỹ thuật chỉ lo máy móc và demo · người trực truyền thông lo chat, Zalo, chốt đơn. Nếu không tách được, ưu tiên kỹ thuật và giao phần chăm sóc cho trợ giảng bổ sung. | E6: D-6 · 05/08
B7: Hai case study có số hiện chưa có | C7: Brief ghi rõ case study sản phẩm số (buổi 3) và case study kênh AI (buổi 4) HIỆN CHƯA CÓ. Đây là chân đứng cho phần chốt hai buổi bán 5–11 triệu. | D7: Ba đường: (1) lấy số thật từ khách hàng Demo đã triển khai, xin phép công bố · (2) dùng chính số của team Demo · (3) nếu không kịp, đổi sang demo trực tiếp có số đo được ngay trên màn hình thay vì case quá khứ. | E7: D-8 · 03/08
B8: Co-Founder Agent chưa xác nhận build xong | C8: Buổi 5 bán gói 12 triệu và trọn bộ 19 triệu — giá trị đơn cao nhất cả chuỗi — phụ thuộc hoàn toàn vào demo này chạy được live. Brief đánh dấu đây là rủi ro lớn nhất cả phễu. | D8: Chốt trạng thái ngay hôm nay. Nếu đến D-5 vẫn chưa chạy ổn định, quyết định trước: lùi buổi 5 sang tuần sau, hay thay bằng bản demo quay sẵn có thuyết minh. Quyết muộn hơn D-5 là không còn lựa chọn nào. | E8: HÔM NAY · 28/07
B9: Chỉ có 14 ngày cho khối lượng của một chiến dịch 4–6 tuần | C9: Checklist này có hơn 100 đầu việc, trong đó 24 việc CHẶN. Với 5 người, trung bình mỗi người gánh khoảng 20 đầu việc trong 14 ngày, chưa kể 5 tối live liên tiếp. | D9: Cắt trước, đừng cắt lúc đang chạy. Việc mức 'Nên có' có thể bỏ toàn bộ mà không ảnh hưởng doanh thu: seeding cộng đồng, video story evergreen, clip testimonial, lưu trữ tài sản. Giữ nguyên 100% việc CHẶN. | E9: D-14 · 28/07
B10: Ngân sách 30–100 triệu nhưng chưa chốt con số | C10: Chênh lệch hơn ba lần giữa hai đầu khoảng. ADS không thể dựng bảng phân bổ theo ngày, cũng không đặt được ngưỡng CPL và quy tắc dừng khi chưa biết tổng ngân sách. | D10: Chốt một con số tuyệt đối trong buổi kick-off. Nếu muốn linh hoạt, chốt mức sàn cộng cơ chế mở thêm — ví dụ 40 triệu, mở thêm 20 triệu nếu CPL dưới ngưỡng sau 5 ngày. | E10: D-14 · 28/07
B11: Tuần live chồng lên tuần chuẩn bị của chính nó | C11: Từ D0 đến D+4 mỗi người vẫn có việc hằng ngày: EDIT cắt highlight trước 11h, CP viết recap trước 12h, ADS tạo audience mới, KT/SP trực từ 18:00 đến gần nửa đêm. Năm tối liên tiếp thức đến 23:45 là nhịp không bền. | D11: Chuẩn bị trước tối đa: nội dung tuần live viết sẵn từ D-2 · mẫu ad retarget dựng sẵn · bumper và template highlight làm sẵn. Tuần live chỉ điền số liệu, không sáng tạo mới. | E11: D-2 · 09/08
B12: Chưa rõ ai đo và báo cáo tiến độ mỗi ngày | C12: Checklist chỉ có tác dụng nếu có người mở ra mỗi sáng và hỏi 'việc CHẶN hôm nay xong chưa'. Không có việc này thì file thành tài liệu trôi nổi. | D12: Chỉ định một người điều phối (đề xuất: CP hoặc KT/SP), họp 15 phút mỗi sáng 9h, chỉ đi qua sheet '09. Việc CHẶN' và các việc đến hạn hôm nay. | E12: D-14 · 28/07
